INSERT INTO member(id, email, password, name, gender, birthday, species, personality, profile_image_url, role, created_at, updated_at, deleted)
VALUES (1, 'test1@naver.com', '$2a$10$Zjpcj391rBzU06CNj083HuDjZFQFqg8QpK/6064nN8eqcJNtsVjB6', '죠르디', 'MALE', '2021-09-15 15:55:58', '공룡', '착하고 순함', 'http://image.dongascience.com/Photo/2017/03/14900752352661.jpg', 0, now(), null, false);
INSERT INTO member(id, email, password, name, gender, birthday, species, personality, profile_image_url, role, created_at, updated_at, deleted)
VALUES (2, 'test2@naver.com', '$2a$10$Zjpcj391rBzU06CNj083HuDjZFQFqg8QpK/6064nN8eqcJNtsVjB6', '앙몬드', 'MALE', '2021-09-15 15:55:58', '물개', '게으르고 초콜릿을 좋아함', 'http://image.dongascience.com/Photo/2017/03/14900752352661.jpg', 0, now(), null, false);
INSERT INTO member(id, email, password, name, gender, birthday, species, personality, profile_image_url, role, created_at, updated_at, deleted)
VALUES (3, 'test3@naver.com', '$2a$10$Zjpcj391rBzU06CNj083HuDjZFQFqg8QpK/6064nN8eqcJNtsVjB6', '스카피', 'MALE', '2021-09-15 15:55:58', '토끼', '비밀이 많음', 'http://image.dongascience.com/Photo/2017/03/14900752352661.jpg', 0, now(), null, false);
INSERT INTO member(id, email, password, name, gender, birthday, species, personality, profile_image_url, role, created_at, updated_at, deleted)
VALUES (4, 'minipetpee1@naver.com', '$2a$10$Zjpcj391rBzU06CNj083HuDjZFQFqg8QpK/6064nN8eqcJNtsVjB6', '태리', 'FEMALE', '2019-09-15 15:55:58', '러시안블루', '얌전함', 'https://images.unsplash.com/photo-1472053092455-ee16a8b358b9?ixlib=rb-1.2.1&ixid=MnwxMjA3fDB8MHxwaG90by1wYWdlfHx8fGVufDB8fHx8&auto=format&fit=crop&w=634&q=80', 0, now(), null, false);
INSERT INTO member(id, email, password, name, gender, birthday, species, personality, profile_image_url, role, created_at, updated_at, deleted)
VALUES (5, 'minipetpee2@naver.com', '$2a$10$Zjpcj391rBzU06CNj083HuDjZFQFqg8QpK/6064nN8eqcJNtsVjB6', '칼린', 'FEMALE', '2019-09-15 15:55:58', '코리안숏헤어', '예민한편', 'https://images.unsplash.com/photo-1543852786-1cf6624b9987?ixid=MnwxMjA3fDB8MHxwaG90by1wYWdlfHx8fGVufDB8fHx8&ixlib=rb-1.2.1&auto=format&fit=crop&w=634&q=80', 0, now(), null, false);
INSERT INTO member(id, email, password, name, gender, birthday, species, personality, profile_image_url, role, created_at, updated_at, deleted)
VALUES (6, 'minipetpee3@naver.com', '$2a$10$Zjpcj391rBzU06CNj083HuDjZFQFqg8QpK/6064nN8eqcJNtsVjB6', '모네', 'MALE', '2016-09-15 15:55:58', '시바', '고집있음', 'https://images.unsplash.com/photo-1580064755419-883acc42900b?ixid=MnwxMjA3fDB8MHxwaG90by1wYWdlfHx8fGVufDB8fHx8&ixlib=rb-1.2.1&auto=format&fit=crop&w=750&q=80', 0, now(), null, false);
INSERT INTO member(id, email, password, name, gender, birthday, species, personality, profile_image_url, role, created_at, updated_at, deleted)
VALUES (7, 'minipetpee4@naver.com', '$2a$10$Zjpcj391rBzU06CNj083HuDjZFQFqg8QpK/6064nN8eqcJNtsVjB6', '루비', 'MALE', '2014-09-15 15:55:58', '샤트룩스', '힙스터', 'https://images.unsplash.com/photo-1533738363-b7f9aef128ce?ixlib=rb-1.2.1&ixid=MnwxMjA3fDB8MHxwaG90by1wYWdlfHx8fGVufDB8fHx8&auto=format&fit=crop&w=675&q=80', 0, now(), null, false);
INSERT INTO member(id, email, password, name, gender, birthday, species, personality, profile_image_url, role, created_at, updated_at, deleted)
VALUES (8, 'minipetpee5@naver.com', '$2a$10$Zjpcj391rBzU06CNj083HuDjZFQFqg8QpK/6064nN8eqcJNtsVjB6', '제니', 'FEMALE', '2020-09-15 15:55:58', '페르시안', '낯가림', 'https://images.unsplash.com/photo-1548366086-7f1b76106622?ixid=MnwxMjA3fDB8MHxwaG90by1wYWdlfHx8fGVufDB8fHx8&ixlib=rb-1.2.1&auto=format&fit=crop&w=624&q=80', 0, now(), null, false);
INSERT INTO member(id, email, password, name, gender, birthday, species, personality, profile_image_url, role, created_at, updated_at, deleted)
VALUES (9, 'minipetpee6@naver.com', '$2a$10$Zjpcj391rBzU06CNj083HuDjZFQFqg8QpK/6064nN8eqcJNtsVjB6', '치즈', 'MALE', '2015-09-15 15:55:58', '시베리아', '먹성좋음', 'https://cdn.pixabay.com/photo/2015/11/16/22/14/cat-1046544_960_720.jpg', 0, now(), null, false);
INSERT INTO member(id, email, password, name, gender, birthday, species, personality, profile_image_url, role, created_at, updated_at, deleted)
VALUES (10, 'minipetpee7@naver.com', '$2a$10$Zjpcj391rBzU06CNj083HuDjZFQFqg8QpK/6064nN8eqcJNtsVjB6', '둥이', 'MALE', '2020-09-15 15:55:58', '웰시코기', '깨발랄함', 'https://images.unsplash.com/photo-1537151672256-6caf2e9f8c95?ixid=MnwxMjA3fDB8MHxwaG90by1wYWdlfHx8fGVufDB8fHx8&ixlib=rb-1.2.1&auto=format&fit=crop&w=633&q=80', 0, now(), null, false);
INSERT INTO member(id, email, password, name, gender, birthday, species, personality, profile_image_url, role, created_at, updated_at, deleted)
VALUES (11, 'minipetpee8@naver.com', '$2a$10$Zjpcj391rBzU06CNj083HuDjZFQFqg8QpK/6064nN8eqcJNtsVjB6', '호두', 'MALE', '2017-09-15 15:55:58', '푸들', '애교많음', 'https://images.unsplash.com/photo-1596805827513-33a7b2523abf?ixid=MnwxMjA3fDB8MHxwaG90by1wYWdlfHx8fGVufDB8fHx8&ixlib=rb-1.2.1&auto=format&fit=crop&w=634&q=80', 0, now(), null, false);
INSERT INTO member(id, email, password, name, gender, birthday, species, personality, profile_image_url, role, created_at, updated_at, deleted)
VALUES (12, 'minipetpee9@naver.com', '$2a$10$Zjpcj391rBzU06CNj083HuDjZFQFqg8QpK/6064nN8eqcJNtsVjB6', '미미', 'FEMALE', '2012-09-15 15:55:58', '시추', '활동적임', 'https://cdn.pixabay.com/photo/2017/09/25/13/14/dog-2785077_1280.jpg', 0, now(), null, false);
INSERT INTO member(id, email, password, name, gender, birthday, species, personality, profile_image_url, role, created_at, updated_at, deleted)
VALUES (13, 'minipetpee10@naver.com', '$2a$10$Zjpcj391rBzU06CNj083HuDjZFQFqg8QpK/6064nN8eqcJNtsVjB6', '시루', 'FEMALE', '2018-09-15 15:55:58', '스피츠', '날쌤', 'https://images.unsplash.com/photo-1529429617124-95b109e86bb8?ixlib=rb-1.2.1&ixid=MnwxMjA3fDB8MHxwaG90by1wYWdlfHx8fGVufDB8fHx8&auto=format&fit=crop&w=675&q=80', 0, now(), null, false);


INSERT INTO homepee(id, member_id, gate_image_url, title, visit_count) VALUES (1, 1, 'http://image.dongascience.com/Photo/2017/03/14900752352661.jpg', '죠르디의 취준일기', 350);
INSERT INTO homepee(id, member_id, gate_image_url, title, visit_count) VALUES (2, 2, 'http://image.dongascience.com/Photo/2017/03/14900752352661.jpg', '앙몬드의 촤컬릿 리뷰', 120);
INSERT INTO homepee(id, member_id, gate_image_url, title, visit_count) VALUES (3, 3, 'http://image.dongascience.com/Photo/2017/03/14900752352661.jpg', '스카피의 요리비책', 500);
INSERT INTO homepee(id, member_id, gate_image_url, title, visit_count) VALUES (4, 4, 'https://images.unsplash.com/photo-1497473376897-16fbb7552478?ixlib=rb-1.2.1&ixid=MnwxMjA3fDB8MHxwaG90by1wYWdlfHx8fGVufDB8fHx8&auto=format&fit=crop&w=750&q=80', '회색털뭉치 태리', 1399);
INSERT INTO homepee(id, member_id, gate_image_url, title, visit_count) VALUES (5, 5, null, 'CARLYN daily 칼린의 일상', 1102);
INSERT INTO homepee(id, member_id, gate_image_url, title, visit_count) VALUES (6, 6, null, '반십세 모네의 일기', 893);
INSERT INTO homepee(id, member_id, gate_image_url, title, visit_count) VALUES (7, 7, 'https://images.unsplash.com/photo-1442291928580-fb5d0856a8f1?ixid=MnwxMjA3fDB8MHxwaG90by1wYWdlfHx8fGVufDB8fHx8&ixlib=rb-1.2.1&auto=format&fit=crop&w=889&q=80', '핵인싸 루비', 646);
INSERT INTO homepee(id, member_id, gate_image_url, title, visit_count) VALUES (8, 8, null, '쑥스러운 제니 shy jenny', 123);
INSERT INTO homepee(id, member_id, gate_image_url, title, visit_count) VALUES (9, 9, 'https://images.unsplash.com/photo-1610080556749-7c63c435a8cf?ixid=MnwxMjA3fDB8MHxwaG90by1wYWdlfHx8fGVufDB8fHx8&ixlib=rb-1.2.1&auto=format&fit=crop&w=750&q=80', '치즈의 먹방 스튜디오', 1127);
INSERT INTO homepee(id, member_id, gate_image_url, title, visit_count) VALUES (10, 10, 'https://images.unsplash.com/photo-1568640347023-a616a30bc3bd?ixlib=rb-1.2.1&ixid=MnwxMjA3fDB8MHxwaG90by1wYWdlfHx8fGVufDB8fHx8&auto=format&fit=crop&w=752&q=80', '둥이둥절 doongi corgi', 933);
INSERT INTO homepee(id, member_id, gate_image_url, title, visit_count) VALUES (11, 11, 'https://cdn.pixabay.com/photo/2017/03/30/14/31/puppies-2188648_1280.jpg', '[호두/마루] 마루의 형 호두에요', 1211);
INSERT INTO homepee(id, member_id, gate_image_url, title, visit_count) VALUES (12, 12, null, 'MIMI PET PEE 미미펫피', 977);
INSERT INTO homepee(id, member_id, gate_image_url, title, visit_count) VALUES (13, 13, null, '꼬수운 시루네 siru', 1008);


INSERT INTO tab(id, homepee_id, type, visible) VALUES (1, 1, 'BOARD', 1);
INSERT INTO tab(id, homepee_id, type, visible) VALUES (2, 1, 'ALBUM', 1);
INSERT INTO tab(id, homepee_id, type, visible) VALUES (3, 1, 'GUEST', 1);
INSERT INTO tab(id, homepee_id, type, visible) VALUES (4, 2, 'BOARD', 1);
INSERT INTO tab(id, homepee_id, type, visible) VALUES (5, 2, 'ALBUM', 1);
INSERT INTO tab(id, homepee_id, type, visible) VALUES (6, 2, 'GUEST', 0);
INSERT INTO tab(id, homepee_id, type, visible) VALUES (7, 3, 'BOARD', 0);
INSERT INTO tab(id, homepee_id, type, visible) VALUES (8, 3, 'ALBUM', 0);
INSERT INTO tab(id, homepee_id, type, visible) VALUES (9, 3, 'GUEST', 1);
INSERT INTO tab(id, homepee_id, type, visible) VALUES (10, 4, 'BOARD', 1);
INSERT INTO tab(id, homepee_id, type, visible) VALUES (11, 4, 'ALBUM', 1);
INSERT INTO tab(id, homepee_id, type, visible) VALUES (12, 4, 'GUEST', 1);
INSERT INTO tab(id, homepee_id, type, visible) VALUES (13, 5, 'BOARD', 1);
INSERT INTO tab(id, homepee_id, type, visible) VALUES (14, 5, 'ALBUM', 1);
INSERT INTO tab(id, homepee_id, type, visible) VALUES (15, 5, 'GUEST', 1);
INSERT INTO tab(id, homepee_id, type, visible) VALUES (16, 6, 'BOARD', 1);
INSERT INTO tab(id, homepee_id, type, visible) VALUES (17, 6, 'ALBUM', 1);
INSERT INTO tab(id, homepee_id, type, visible) VALUES (18, 6, 'GUEST', 1);
INSERT INTO tab(id, homepee_id, type, visible) VALUES (19, 7, 'BOARD', 1);
INSERT INTO tab(id, homepee_id, type, visible) VALUES (20, 7, 'ALBUM', 1);
INSERT INTO tab(id, homepee_id, type, visible) VALUES (21, 7, 'GUEST', 1);
INSERT INTO tab(id, homepee_id, type, visible) VALUES (22, 8, 'BOARD', 1);
INSERT INTO tab(id, homepee_id, type, visible) VALUES (23, 8, 'ALBUM', 1);
INSERT INTO tab(id, homepee_id, type, visible) VALUES (24, 8, 'GUEST', 1);
INSERT INTO tab(id, homepee_id, type, visible) VALUES (25, 9, 'BOARD', 1);
INSERT INTO tab(id, homepee_id, type, visible) VALUES (26, 9, 'ALBUM', 1);
INSERT INTO tab(id, homepee_id, type, visible) VALUES (27, 9, 'GUEST', 1);
INSERT INTO tab(id, homepee_id, type, visible) VALUES (28, 10, 'BOARD', 1);
INSERT INTO tab(id, homepee_id, type, visible) VALUES (29, 10, 'ALBUM', 1);
INSERT INTO tab(id, homepee_id, type, visible) VALUES (30, 10, 'GUEST', 1);
INSERT INTO tab(id, homepee_id, type, visible) VALUES (31, 11, 'BOARD', 1);
INSERT INTO tab(id, homepee_id, type, visible) VALUES (32, 11, 'ALBUM', 1);
INSERT INTO tab(id, homepee_id, type, visible) VALUES (33, 11, 'GUEST', 1);
INSERT INTO tab(id, homepee_id, type, visible) VALUES (34, 12, 'BOARD', 1);
INSERT INTO tab(id, homepee_id, type, visible) VALUES (35, 12, 'ALBUM', 1);
INSERT INTO tab(id, homepee_id, type, visible) VALUES (36, 12, 'GUEST', 1);
INSERT INTO tab(id, homepee_id, type, visible) VALUES (37, 13, 'BOARD', 1);
INSERT INTO tab(id, homepee_id, type, visible) VALUES (38, 13, 'ALBUM', 1);
INSERT INTO tab(id, homepee_id, type, visible) VALUES (39, 13, 'GUEST', 1);


INSERT INTO post(id, tab_id, dtype, title, content, view_count, created_at, updated_at) VALUES (1, 1, 'BOARD', '취준 1일째', '오늘은 알바 월급날. 저는 오늘 사치를 부릴 예정입니다...후후...카드 슬래쉬!!잔액이 부족합니다.', 10, now(), null);
INSERT INTO post(id, tab_id, dtype, title, content, view_count, created_at, updated_at) VALUES (2, 1, 'BOARD', '취준 2일째', '앙몬드가 사탕을 줬어요. 저도 하나 주었죠. 하지만 거부 당했어요...홍삼 사탕 맛을 모르네~', 25, now(), null);
INSERT INTO post(id, tab_id, dtype, title, content, view_count, created_at, updated_at) VALUES (3, 1, 'BOARD', '취준 3일째', '오늘은 영화를 보러 갔어요. 앞자리에 콥이 앉아 있었죠. 그래서 하나도 안 보였어요...ㅠㅠ', 13, now(), null);
INSERT INTO post(id, tab_id, dtype, title, content, view_count, created_at, updated_at) VALUES (4, 2, 'ALBUM', '취준 4일째', null, null, now(), null);
INSERT INTO post(id, tab_id, dtype, title, content, view_count, created_at, updated_at) VALUES (5, 2, 'ALBUM', '취준 5일째', null, null, now(), null);
INSERT INTO post(id, tab_id, dtype, title, content, view_count, created_at, updated_at) VALUES (6, 2, 'ALBUM', '취준 6일째', null, null, now(), null);
INSERT INTO post(id, tab_id, dtype, title, content, view_count, created_at, updated_at) VALUES (7, 4, 'BOARD', '데일리 태리 - 21.09.01', '21.09.01 태리의 하루', 330, now(), null);
INSERT INTO post(id, tab_id, dtype, title, content, view_count, created_at, updated_at) VALUES (8, 4, 'BOARD', '데일리 태리 - 21.09.04', '오늘의 태리.', 178, now(), null);
INSERT INTO post(id, tab_id, dtype, title, content, view_count, created_at, updated_at) VALUES (9, 5, 'BOARD', 'Daily Kalin', 'Today Kalin is...', 161, now(), null);
INSERT INTO post(id, tab_id, dtype, title, content, view_count, created_at, updated_at) VALUES (10, 6, 'BOARD', 'Daily Mone', 'Today Mone Is...', 120, now(), null);
INSERT INTO post(id, tab_id, dtype, title, content, view_count, created_at, updated_at) VALUES (11, 9, 'BOARD', 'Daily Cheese', 'Say Cheese', 250, now(), null);
INSERT INTO post(id, tab_id, dtype, title, content, view_count, created_at, updated_at) VALUES (12, 10, 'BOARD', '데일리 둥이', '어화둥둥', 55, now(), null);
INSERT INTO post(id, tab_id, dtype, title, content, view_count, created_at, updated_at) VALUES (13, 4, 'ALBUM', '태리 화보집', null, null, now(), null);
INSERT INTO post(id, tab_id, dtype, title, content, view_count, created_at, updated_at) VALUES (14, 6, 'ALBUM', 'Mone Collection', null, null, now(), null);
INSERT INTO post(id, tab_id, dtype, title, content, view_count, created_at, updated_at) VALUES (15, 7, 'ALBUM', 'Luby Collection', null, null, now(), null);
INSERT INTO post(id, tab_id, dtype, title, content, view_count, created_at, updated_at) VALUES (16, 8, 'ALBUM', 'Jennie Collection', null, null, now(), null);
INSERT INTO post(id, tab_id, dtype, title, content, view_count, created_at, updated_at) VALUES (17, 11, 'ALBUM', '호두 화보집', null, null, now(), null);
INSERT INTO post(id, tab_id, dtype, title, content, view_count, created_at, updated_at) VALUES (18, 12, 'ALBUM', '미미 화보집', null, null, now(), null);

INSERT INTO image(id, post_id, url) VALUES (1, 1, 'http://image.dongascience.com/Photo/2017/03/14900752352661.jpg');
INSERT INTO image(id, post_id, url) VALUES (2, 2, 'http://image.dongascience.com/Photo/2017/03/14900752352661.jpg');
INSERT INTO image(id, post_id, url) VALUES (3, 4, 'http://image.dongascience.com/Photo/2017/03/14900752352661.jpg');
INSERT INTO image(id, post_id, url) VALUES (4, 4, 'http://image.dongascience.com/Photo/2017/03/14900752352661.jpg');
INSERT INTO image(id, post_id, url) VALUES (5, 4, 'http://image.dongascience.com/Photo/2017/03/14900752352661.jpg');
INSERT INTO image(id, post_id, url) VALUES (6, 5, 'http://image.dongascience.com/Photo/2017/03/14900752352661.jpg');
INSERT INTO image(id, post_id, url) VALUES (7, 5, 'http://image.dongascience.com/Photo/2017/03/14900752352661.jpg');
INSERT INTO image(id, post_id, url) VALUES (8, 6, 'http://image.dongascience.com/Photo/2017/03/14900752352661.jpg');
INSERT INTO image(id, post_id, url) VALUES (9, 6, 'http://image.dongascience.com/Photo/2017/03/14900752352661.jpg');
INSERT INTO image(id, post_id, url) VALUES (10, 7, 'https://images.unsplash.com/photo-1479134262046-a470bfaf7a66?ixid=MnwxMjA3fDB8MHxwaG90by1wYWdlfHx8fGVufDB8fHx8&ixlib=rb-1.2.1&auto=format&fit=crop&w=2250&q=80');
INSERT INTO image(id, post_id, url) VALUES (11, 8, 'https://images.unsplash.com/photo-1602937488950-3dbc2ff03d2d?ixid=MnwxMjA3fDB8MHxwaG90by1wYWdlfHx8fGVufDB8fHx8&ixlib=rb-1.2.1&auto=format&fit=crop&w=934&q=80v');
INSERT INTO image(id, post_id, url) VALUES (12, 9, 'https://images.unsplash.com/photo-1582450920049-317bc90af56b?ixid=MnwxMjA3fDB8MHxwaG90by1wYWdlfHx8fGVufDB8fHx8&ixlib=rb-1.2.1&auto=format&fit=crop&w=2250&q=80');
INSERT INTO image(id, post_id, url) VALUES (13, 13, 'https://images.unsplash.com/photo-1605028746969-11b95c137f31?ixid=MnwxMjA3fDB8MHxwaG90by1wYWdlfHx8fGVufDB8fHx8&ixlib=rb-1.2.1&auto=format&fit=crop&w=934&q=80');
INSERT INTO image(id, post_id, url) VALUES (14, 13, 'https://images.unsplash.com/photo-1608643072128-4af68720ebb0?ixid=MnwxMjA3fDB8MHxwaG90by1wYWdlfHx8fGVufDB8fHx8&ixlib=rb-1.2.1&auto=format&fit=crop&w=2253&q=80');
INSERT INTO image(id, post_id, url) VALUES (15, 13, 'https://images.unsplash.com/photo-1608643038094-0611ec6a2fdd?ixid=MnwxMjA3fDB8MHxwaG90by1wYWdlfHx8fGVufDB8fHx8&ixlib=rb-1.2.1&auto=format&fit=crop&w=2250&q=80');
INSERT INTO image(id, post_id, url) VALUES (16, 14, 'https://images.unsplash.com/photo-1618173745276-71981719c0ce?ixlib=rb-1.2.1&ixid=MnwxMjA3fDB8MHxwaG90by1wYWdlfHx8fGVufDB8fHx8&auto=format&fit=crop&w=1301&q=80');
INSERT INTO image(id, post_id, url) VALUES (17, 14, 'https://images.unsplash.com/photo-1618173745201-8e3bf8978acc?ixlib=rb-1.2.1&ixid=MnwxMjA3fDB8MHxwaG90by1wYWdlfHx8fGVufDB8fHx8&auto=format&fit=crop&w=1301&q=80');
INSERT INTO image(id, post_id, url) VALUES (18, 15, 'https://images.unsplash.com/photo-1559914392-dadc0f05cfb1?ixlib=rb-1.2.1&ixid=MnwxMjA3fDB8MHxwaG90by1wYWdlfHx8fGVufDB8fHx8&auto=format&fit=crop&w=1600&q=80');
INSERT INTO image(id, post_id, url) VALUES (19, 16, 'https://images.unsplash.com/photo-1591429939960-b7d5add10b5c?ixid=MnwxMjA3fDB8MHxwaG90by1wYWdlfHx8fGVufDB8fHx8&ixlib=rb-1.2.1&auto=format&fit=crop&w=933&q=80');
INSERT INTO image(id, post_id, url) VALUES (20, 17, 'https://images.unsplash.com/photo-1605244863941-3a3ed921c60d?ixid=MnwxMjA3fDB8MHxwaG90by1wYWdlfHx8fGVufDB8fHx8&ixlib=rb-1.2.1&auto=format&fit=crop&w=2250&q=80');
INSERT INTO image(id, post_id, url) VALUES (21, 17, 'https://images.unsplash.com/photo-1555596873-1916fae19257?ixid=MnwxMjA3fDB8MHxwaG90by1wYWdlfHx8fGVufDB8fHx8&ixlib=rb-1.2.1&auto=format&fit=crop&w=2200&q=80');
INSERT INTO image(id, post_id, url) VALUES (22, 18, 'https://images.unsplash.com/photo-1610385874395-e75e493098b7?ixlib=rb-1.2.1&ixid=MnwxMjA3fDB8MHxwaG90by1wYWdlfHx8fGVufDB8fHx8&auto=format&fit=crop&w=1275&q=80');
INSERT INTO image(id, post_id, url) VALUES (23, 18, 'https://images.unsplash.com/photo-1610385719685-1a51aa527d4f?ixid=MnwxMjA3fDB8MHxwaG90by1wYWdlfHx8fGVufDB8fHx8&ixlib=rb-1.2.1&auto=format&fit=crop&w=1275&q=80');


INSERT INTO comment(id, member_id, post_id, content, created_at, updated_at) VALUES (1, 2, 1, '누가 월급 가져갔엉', now(), null);
INSERT INTO comment(id, member_id, post_id, content, created_at, updated_at) VALUES (2, 3, 1, '...ㅠ', now(), null);
INSERT INTO comment(id, member_id, post_id, content, created_at, updated_at) VALUES (3, 2, 4, '저 쵸코 맛있겠당...', now(), null);


INSERT INTO guest_note(id, member_id, tab_id, content, visible, created_at, updated_at) VALUES (1, 2, 3, '잘 봤엉', 1, now(), null);
INSERT INTO guest_note(id, member_id, tab_id, content, visible, created_at, updated_at) VALUES (2, 3, 3, '...bb', 0, now(), null);
INSERT INTO guest_note(id, member_id, tab_id, content, visible, created_at, updated_at) VALUES (3, 13, 4, '잘 봤다개', 1, now(), null);
INSERT INTO guest_note(id, member_id, tab_id, content, visible, created_at, updated_at) VALUES (4, 12, 4, '화보 눈이 부시다멍', 1, now(), null);
INSERT INTO guest_note(id, member_id, tab_id, content, visible, created_at, updated_at) VALUES (5, 7, 4, '어마어마하다냥', 1, now(), null);


INSERT INTO fan_comment(id, member_id, homepee_id, content, created_at, updated_at) VALUES (1, 2, 1, '다시 생각해도 홍삼 사탕은 맛없엉', now(), null);
INSERT INTO fan_comment(id, member_id, homepee_id, content, created_at, updated_at) VALUES (2, 3, 1, '내일 알바 날이다.', now(), null);


INSERT INTO star(id, star_member_id, fan_member_id, created_at) VALUES (1, 1, 2, now());
INSERT INTO star(id, star_member_id, fan_member_id, created_at) VALUES (2, 1, 3, now());
INSERT INTO star(id, star_member_id, fan_member_id, created_at) VALUES (3, 2, 1, now());
INSERT INTO star(id, star_member_id, fan_member_id, created_at) VALUES (4, 3, 1, now());
INSERT INTO star(id, star_member_id, fan_member_id, created_at) VALUES (5, 4, 13, now());
INSERT INTO star(id, star_member_id, fan_member_id, created_at) VALUES (6, 4, 12, now());
INSERT INTO star(id, star_member_id, fan_member_id, created_at) VALUES (7, 4, 7, now());
INSERT INTO star(id, star_member_id, fan_member_id, created_at) VALUES (8, 4, 6, now());
INSERT INTO star(id, star_member_id, fan_member_id, created_at) VALUES (9, 13, 4, now());
INSERT INTO star(id, star_member_id, fan_member_id, created_at) VALUES (10, 12, 4, now());
INSERT INTO star(id, star_member_id, fan_member_id, created_at) VALUES (11, 6, 4, now());
INSERT INTO star(id, star_member_id, fan_member_id, created_at) VALUES (12, 4, 5, now());
INSERT INTO star(id, star_member_id, fan_member_id, created_at) VALUES (13, 9, 10, now());
INSERT INTO star(id, star_member_id, fan_member_id, created_at) VALUES (14, 10, 9, now());
INSERT INTO star(id, star_member_id, fan_member_id, created_at) VALUES (15, 6, 8, now());
INSERT INTO star(id, star_member_id, fan_member_id, created_at) VALUES (16, 6, 11, now());
INSERT INTO star(id, star_member_id, fan_member_id, created_at) VALUES (17, 11, 6, now());
INSERT INTO star(id, star_member_id, fan_member_id, created_at) VALUES (18, 12, 8, now());
INSERT INTO star(id, star_member_id, fan_member_id, created_at) VALUES (19, 12, 8, now());